<?xml version="1.0" encoding="UTF-8"?>
<suppressions xmlns="https://jeremylong.github.io/DependencyCheck/dependency-suppression.1.3.xsd">
    
    <!-- 
    OWASP Dependency Check Suppressions
    Use this file to suppress false positives or accepted risks
    -->
    
    <!-- Example: Suppress false positives for test dependencies -->
    <suppress>
        <notes><![CDATA[
        Suppress vulnerabilities in test scope dependencies as they are not deployed to production
        ]]></notes>
        <gav regex="true">.*:.*:.*:test</gav>
        <cve>CVE-.*</cve>
    </suppress>
    
    <!-- Example: Suppress specific CVE for a specific library version -->
    <!--
    <suppress>
        <notes><![CDATA[
        CVE-2021-44228 - Log4j vulnerability
        This is a false positive as we are using a patched version
        ]]></notes>
        <gav regex="true">org\.apache\.logging\.log4j:log4j-core:.*</gav>
        <cve>CVE-2021-44228</cve>
    </suppress>
    -->
    
    <!-- Suppress vulnerabilities in development tools -->
    <suppress>
        <notes><![CDATA[
        Development and build tools are not part of the runtime application
        ]]></notes>
        <gav regex="true">org\.springframework\.boot:spring-boot-maven-plugin:.*</gav>
        <cve>CVE-.*</cve>
    </suppress>
    
    <!-- Suppress H2 database vulnerabilities in development -->
    <suppress>
        <notes><![CDATA[
        H2 database is only used for development and testing, not in production
        ]]></notes>
        <gav regex="true">com\.h2database:h2:.*</gav>
        <cve>CVE-.*</cve>
    </suppress>
    
</suppressions>