<?xml version="1.0" encoding="UTF-8"?>
<project xmlns="http://maven.apache.org/POM/4.0.0"
	xmlns:xsi="http://www.w3.org/2001/XMLSchema-instance"
	xsi:schemaLocation="http://maven.apache.org/POM/4.0.0 https://maven.apache.org/xsd/maven-4.0.0.xsd">
	<modelVersion>4.0.0</modelVersion>
	<parent>
		<groupId>org.springframework.boot</groupId>
		<artifactId>spring-boot-starter-parent</artifactId>
		<version>3.2.0</version>
		<relativePath /> <!-- lookup parent from repository -->
	</parent>
	<groupId>com.taskmgmt</groupId>
	<artifactId>com.taskmgmt</artifactId>
	<version>0.0.1-SNAPSHOT</version>
	<name>task-mgmt</name>
	<description>Task Management - Secure Version</description>
	<properties>
		<java.version>17</java.version>
		<jwt.version>0.12.3</jwt.version>
		<jasperreports.version>6.20.6</jasperreports.version>
	</properties>
	<dependencies>
		<!-- Spring Boot Starters -->
		<dependency>
			<groupId>org.springframework.boot</groupId>
			<artifactId>spring-boot-starter-data-jpa</artifactId>
		</dependency>
		<dependency>
			<groupId>org.springframework.boot</groupId>
			<artifactId>spring-boot-starter-web</artifactId>
		</dependency>
		<dependency>
			<groupId>org.springframework.boot</groupId>
			<artifactId>spring-boot-starter-security</artifactId>
		</dependency>
		<dependency>
			<groupId>org.springframework.boot</groupId>
			<artifactId>spring-boot-starter-validation</artifactId>
		</dependency>
		<dependency>
			<groupId>org.springframework.boot</groupId>
			<artifactId>spring-boot-starter-thymeleaf</artifactId>
		</dependency>
		<dependency>
			<groupId>org.springframework.boot</groupId>
			<artifactId>spring-boot-starter-actuator</artifactId>
		</dependency>

		<!-- JWT Dependencies - Updated to latest secure version -->
		<dependency>
			<groupId>io.jsonwebtoken</groupId>
			<artifactId>jjwt-api</artifactId>
			<version>${jwt.version}</version>
		</dependency>
		<dependency>
			<groupId>io.jsonwebtoken</groupId>
			<artifactId>jjwt-impl</artifactId>
			<version>${jwt.version}</version>
			<scope>runtime</scope>
		</dependency>
		<dependency>
			<groupId>io.jsonwebtoken</groupId>
			<artifactId>jjwt-jackson</artifactId>
			<version>${jwt.version}</version>
			<scope>runtime</scope>
		</dependency>

		<!-- JasperReports - Updated to latest secure version -->
		<dependency>
			<groupId>net.sf.jasperreports</groupId>
			<artifactId>jasperreports</artifactId>
			<version>${jasperreports.version}</version>
		</dependency>

		<!-- Database -->
		<dependency>
			<groupId>com.h2database</groupId>
			<artifactId>h2</artifactId>
			<scope>runtime</scope>
		</dependency>

		<!-- Production Database (PostgreSQL) -->
		<dependency>
			<groupId>org.postgresql</groupId>
			<artifactId>postgresql</artifactId>
			<scope>runtime</scope>
		</dependency>

		<!-- Testing -->
		<dependency>
			<groupId>org.springframework.boot</groupId>
			<artifactId>spring-boot-starter-test</artifactId>
			<scope>test</scope>
		</dependency>
		<dependency>
			<groupId>org.springframework.security</groupId>
			<artifactId>spring-security-test</artifactId>
			<scope>test</scope>
		</dependency>

		<!-- Security Testing -->
		<dependency>
			<groupId>org.testcontainers</groupId>
			<artifactId>junit-jupiter</artifactId>
			<scope>test</scope>
		</dependency>
		<dependency>
			<groupId>org.testcontainers</groupId>
			<artifactId>postgresql</artifactId>
			<scope>test</scope>
		</dependency>
	</dependencies>

	<build>
		<plugins>
			<plugin>
				<groupId>org.springframework.boot</groupId>
				<artifactId>spring-boot-maven-plugin</artifactId>
			</plugin>

			<!-- Security Scanning Plugins -->
			<plugin>
				<groupId>org.owasp</groupId>
				<artifactId>dependency-check-maven</artifactId>
				<version>8.4.3</version>
				<configuration>
					<failBuildOnCVSS>7</failBuildOnCVSS>
					<suppressionFiles>
						<suppressionFile>owasp-suppressions.xml</suppressionFile>
					</suppressionFiles>
				</configuration>
				<executions>
					<execution>
						<goals>
							<goal>check</goal>
						</goals>
					</execution>
				</executions>
			</plugin>

			<!-- SpotBugs for static analysis -->
			<plugin>
				<groupId>com.github.spotbugs</groupId>
				<artifactId>spotbugs-maven-plugin</artifactId>
				<version>4.8.1.0</version>
				<configuration>
					<effort>Max</effort>
					<threshold>Low</threshold>
					<includeFilterFile>spotbugs-security-include.xml</includeFilterFile>
				</configuration>
			</plugin>

			<!-- Jacoco for test coverage -->
			<plugin>
				<groupId>org.jacoco</groupId>
				<artifactId>jacoco-maven-plugin</artifactId>
				<version>0.8.8</version>
				<executions>
					<execution>
						<goals>
							<goal>prepare-agent</goal>
						</goals>
					</execution>
					<execution>
						<id>report</id>
						<phase>test</phase>
						<goals>
							<goal>report</goal>
						</goals>
					</execution>
				</executions>
			</plugin>

			<!-- Google Cloud App Engine (if needed) -->
			<plugin>
				<groupId>com.google.cloud.tools</groupId>
				<artifactId>appengine-maven-plugin</artifactId>
				<version>2.4.4</version>
				<configuration>
					<version>1</version>
					<projectId>GCLOUD_CONFIG</projectId>
				</configuration>
			</plugin>
		</plugins>
	</build>

	<!-- Security profiles for different environments -->
	<profiles>
		<profile>
			<id>security-scan</id>
			<build>
				<plugins>
					<plugin>
						<groupId>org.owasp</groupId>
						<artifactId>dependency-check-maven</artifactId>
						<executions>
							<execution>
								<goals>
									<goal>check</goal>
								</goals>
							</execution>
						</executions>
					</plugin>
				</plugins>
			</build>
		</profile>
	</profiles>
</project>